PC1,PC2,PC3,Cluster
-0.0305625427768582,-0.0835724647476817,-0.0528299157541981,1
-0.0470284083823041,-0.0805355488900689,-0.0452006089692641,1
0.911342776017876,0.1147249411463648,-0.0745483941535537,2
0.014415965137333,-0.1949076409652012,0.3470114888315222,0
-0.0535580096693479,-0.1095679898854985,-0.0557477331157457,1
-0.0563353774624332,-0.043727363125265,-0.0351070946479587,1
-0.0648807208286235,-0.107855864951664,-0.3377411270107265,1
0.0221610972009375,-0.1859950847182922,0.2539739055269936,0
-0.0177281020600537,-0.0746530869158882,-0.0819485918998929,1
-0.116467526484924,0.3089764032806448,0.0337187641831814,3
0.0345521187327926,-0.131024565884773,0.1683538963273444,0
-0.024733799831494,0.0051411886845032,-0.0408373975168902,1
-0.1099333014323415,0.2692612552139558,0.0543385396979797,3
0.0141145218160674,-0.195040800854148,0.1406849324527335,0
0.0035659195211002,-0.1404211223884463,0.0137530838242909,1
-0.0735984094498537,0.2226987091370806,0.0437126083158638,3
-0.0509590867596279,-0.1426083976268934,-0.0501941121759495,1
0.0461237279579937,-0.1575270830755669,0.1216526680416642,0
-0.0345465241020754,-0.0237865012279365,-0.0218224619669488,1
-0.0818777919048722,0.2489007694257614,0.055523267905733,3
-0.0432906500247139,-0.1143430416928293,-0.0915091948442557,1
-0.0401221683460885,-0.0179592817367004,-0.1341593717621813,1
-0.0473908769813536,-0.0324729716095818,-0.0273296077858857,1
-0.0373317415634164,-0.0845071658637935,-0.0869539111968159,1
-0.0725657753011208,0.2680954219908974,0.0143696912356525,3
-0.0616839860682647,-0.071328978889694,-0.2923895725920633,1
-0.0384189492059742,-0.1238869005282717,-0.0332134354487609,1
-0.0196017354214908,-0.0987083604131549,0.0087451191525862,1
-0.0676568271277274,-0.1090362086562585,-0.3870397159231066,1
0.0396652876167028,-0.2020819152019805,0.3129083740649797,0
0.0141136523193875,-0.1211159812577451,0.224280994746616,0
-0.0464563988195589,-0.0794278231257001,-0.209261541066592,1
-0.0375197418537695,-0.0202840502310525,0.0370520725627751,1
-0.0923890743545886,0.2164208671244707,0.0322595123994642,3
-0.0114687579908456,-0.1156535556362396,0.2485863374082589,0
-0.086750226240031,0.0861906692133913,-0.0085667822386856,1
-0.0614583906987304,-0.079569653313111,-0.1203705616496335,1
-0.0435469760430327,-0.0617155721828036,-0.1060634019242348,1
-0.0361897995682574,-0.0390452186018867,-0.0377330098106123,1
-0.0394358874940071,-0.1153493538170556,-0.0840467302120571,1
-0.051260167157076,-0.0395398349485138,-0.0186319301423162,1
-0.0455986611332378,-0.0199499165226439,0.0693872274364235,1
-0.0168716272498442,-0.0328252395233021,-0.0268142642128842,1
0.9039283258206736,0.1138926204186399,-0.0835180790896433,2
-0.0588073893479649,-0.0405234094348614,-0.0898929442119624,1
-0.0457838416816339,0.0450174406551375,-0.0225146509429202,1
-0.1192351599894098,0.523425305410306,0.1554099323745367,3
-0.0265126081150324,-0.0255432693652485,0.0188255254133313,1
-0.0355161879200999,-0.1004644747863799,-0.0868541963471665,1
-0.0666502663990164,0.0325289138564298,-0.0322432631083499,1
-0.061232014482947,-0.0900052433999975,0.029953445617119,1
-0.0610357245695461,-0.0502963923152995,-0.0330651086368544,1
0.902094953864032,0.1138899082030531,-0.0709755278633606,2
-0.0158801681977123,0.0001541257746587,-0.0120196290422227,1
-0.0581053430472707,-0.0668218861743772,-0.0549016693056037,1
-0.0219415338869598,-0.0144679679554797,-0.0348335403365898,1
-0.0512171979249766,0.0231756036784121,-0.02812016796389,1
-0.0521017533608768,-0.1054536540329154,-0.0762225950153395,1
-0.0690643388785809,-0.1024500496802313,-0.3712667909140028,1
0.0652955793409457,-0.0101086601758301,-0.0391803180599043,1
-0.0063201610394027,-0.0597331051384902,0.0321502403288787,1
-0.0208078612898347,-0.0425583757645994,-0.0348914426056511,1
-0.0019055467916769,-0.0597408890462169,0.0447954605371117,1
-0.120591318067291,0.2949251285419176,0.0446030898394492,3
-0.0265262742209442,0.0060822232900095,-0.0437800369395733,1
-0.1043084528889816,0.3377645260618961,0.0887346652100961,3
0.8961554293513585,0.116182972808939,-0.055869087684097,2
-0.0574535016423275,0.096699492686674,0.0158437630760854,1
-0.0951192627288005,0.3859680899818166,0.0636027684558773,3
-0.0411476302003154,-0.0033141615400333,-0.0026746966776815,1
-0.0264474961792242,0.0867959482081599,0.0362076297690626,1
-0.0498360180604303,-0.045525862210257,-0.0404235836137338,1
0.012141810325259,-0.1958125769368353,0.3377897775019565,0
0.0047912317451381,-0.0522120063075964,-0.1126508093388133,1
0.0389793277428653,0.0018029813512024,-0.0115158469871047,1
-0.0506797596291309,-0.0918769398052278,-0.0189328889881106,1
0.0351166601499952,-0.1296490765280442,0.2047924064421218,0
-0.0039413818395633,0.0677032594379871,-0.0509473756998003,1
-0.0647799220381631,-0.0733256814981889,-0.0760451792055048,1
0.0398862091602511,-0.1748992059616793,0.2909605123634768,0
-0.04917095886403,0.040159187100163,-0.0218792223747211,1
-0.0527725415392245,0.0035013042554976,-0.0413538868106047,1
0.0151978320012167,-0.0509940110759079,-0.0407142306693265,1
-0.0194054772983761,-0.0747019318302816,0.0676208147868325,1
0.013669443169481,-0.1478620072157781,0.2464658804630259,0
-0.0399607428222914,0.0101914321945424,-0.0328521026189709,1
-0.0479919433659164,-0.0315892388868672,-0.0718692483862568,1
-0.056446932070407,-0.027594775979454,-0.0892626938492458,1
-0.0533919705884988,-0.0186283207541833,-0.0509183519778292,1
-0.052138281790152,0.0999788116634489,-0.0028747204091442,1
-0.0262775542161368,-0.1192183770307807,0.1806958714639095,0
0.041141983631966,-0.098772377346513,0.0975026463405084,0
-0.0548360335217026,-0.1238128048964484,-0.047262999969332,1
-0.0059805994108491,-0.0444911909253875,-0.0831533905195652,1
0.0243343796968631,-0.2347541622019811,0.351331332056371,0
-0.0238491680253054,0.0250758232442791,-0.0447880046484186,1
-0.0477552735885193,-0.0430581759234965,-0.0362516365299894,1
-0.0574627452074188,0.0351390610328015,-0.0189676551695712,1
0.0103842753515422,-0.1426746289225745,0.2031036085849126,0
-0.0687340497160638,-0.1064161236658768,-0.3578748085269197,1
0.0288904029284791,-0.0935331253382064,0.0122249728021313,1
-0.0117914806290896,-0.1646225210998854,0.3227859896203546,0
-0.0351464235896386,-0.0465662178411506,-0.0544142623425887,1
-0.0743217754554032,-0.0781311250283161,-0.2954152819226596,1
0.041141983631966,-0.098772377346513,0.0975026463405084,0
-0.0440396302215742,-0.0318565325006788,-0.0283963826402254,1
-0.0312891619439959,-0.0253540412151235,-0.0396996152094177,1
-0.031360204182784,-0.0462197251670696,-0.034446787059012,1
-0.0177438721016112,-0.0751928628910395,-0.051128247619009,1
-0.0534536027309986,-0.0546861033315968,-0.0351235898796355,1
0.0737580246575469,-0.1999622986436341,0.3303745967331549,0
-0.0411476302003154,-0.0033141615400333,-0.0026746966776815,1
-0.0401221683460885,-0.0179592817367004,-0.1341593717621813,1
-0.0373855324491793,-0.0428645557068892,-0.0424964699822465,1
-0.0420111729060264,0.0034210800832964,-0.0271531751755261,1
-0.0004191071418543,-0.0975678408378814,-0.2054351426556997,1
-0.0378490893656122,0.0159334756174325,-0.0154948354026666,1
-0.0301922854808714,0.0027935554785224,-0.0003149323181827,1
-0.0657738266163022,-0.1226388202440997,-0.3302768106790854,1
0.8431527079704277,0.0530957699455599,0.030023334294684,2
-0.0667320202077029,-0.0831308944202031,-0.2251104344596022,1
-0.067700990583329,-0.0806500161804708,-0.2459301348897651,1
-0.0709014288395595,0.0728473052984617,0.0044661497200654,1
0.0669671463180555,-0.1378473186035482,0.0445366193830722,1
-0.1156617724400751,0.6436963294075229,0.1939719932711636,3
-0.0562156504804758,-0.1137355351564655,-0.0650931957111878,1
-0.0034500306422853,-0.1093815076507462,0.1358818455699971,0
-0.0808139614505672,0.1796665496959386,0.0225831995513482,3
-0.0498106788442534,-0.0674374037598242,-0.0124305147731222,1
0.030554292233952,-0.220907025933541,0.293389170435251,0
-0.0674662823575652,-0.0188038900534109,-0.0044610514929252,1
-0.0789411569388156,0.1952230119797153,-0.0055650089027162,3
-0.0610187875497562,0.2277097656458262,-0.0010772636080066,3
-0.0588331323356011,0.3386059377082525,0.107354603131354,3
-0.0946331112168973,0.3037026956448212,0.0435082337809681,3
-0.0760939544946799,0.0260665739450855,-0.0009344208728008,1
-0.0372568500224874,0.0265211737503745,-0.0132606400479407,1
-0.03997071876095,-0.0109079786217625,-0.0535601144504623,1
-0.0275853464601076,-0.1047039596804139,-0.0734595672519995,1
-0.0021940528726855,0.022406983859944,-0.0045810313004051,1
-0.05407934176231,-0.0431428346216868,0.0067582924891615,1
-0.05407934176231,-0.0431428346216868,0.0067582924891615,1
-0.0647606171393938,-0.0956287857362483,-0.1874078783706764,1
-0.0602709705659878,-0.1092237827850506,-0.335749754832003,1
-0.0614583906987304,-0.079569653313111,-0.1203705616496335,1
0.0287157649245102,-0.234804112485426,0.3556737268906318,0
-0.0918419049397984,0.2164108309930501,0.0630873221156327,3
-0.0662669896434894,0.0566150233089442,-0.0366533428053843,1
0.0450178468230037,-0.0458401718991283,-0.0384205409862767,1
0.932665674561738,0.1112726762600176,-0.0570784292368891,2
-0.068848004694464,0.0455366978458735,0.0171675861427858,1
-0.0611471657560902,-0.1038866371563864,-0.0917979986106516,1
-0.0479555832544923,-0.0937907317750231,-0.1287187331343918,1
-0.0805195843063661,0.3306373611767228,0.0627886579290811,3
0.041141983631966,-0.098772377346513,0.0975026463405084,0
-0.0649802302608195,-0.0367847949722635,0.0018386895696901,1
-0.0065723630655964,-0.1210797050539887,0.1881533926105952,0
0.0502263929536052,-0.0119091114295923,-0.0617179304705036,1
-0.0484975728601107,-0.0470967052337528,-0.0427784166923069,1
-0.0544812222094732,-0.0453433431506748,-0.1833681967836043,1
0.0508690113074684,-0.0158818731975726,-0.0756235448747623,1
-0.0795024014822263,0.235669842072745,0.0601543864878921,3
-0.0909015796101788,0.2204297103361311,0.0349637030432163,3
-0.0685335403924952,0.0775782161559986,0.0010741786251643,1
0.0113337134910857,-0.0732268705012375,-0.0873353246368798,1
-0.0854082986002295,0.1838578909248565,0.0415374106918839,3
0.0290067841254102,-0.2102186509359129,0.3541930933483881,0
-0.0659994793886502,0.1188663902214541,-0.0018180442540912,1
-0.0649615317775756,-0.1127633311148107,-0.0174079537451952,1
0.0190521197115087,-0.237200835443067,0.3273173033580988,0
-0.0230125237548411,-0.0100724569140526,-0.045655865066155,1
-0.0241585236872453,-0.0203761683528749,0.0365311213367273,1
-0.0909015796101788,0.2204297103361311,0.0349637030432163,3
-0.0406314267258891,0.0431924154970017,0.0299556713566142,1
-0.0577246236932969,0.0062466830253478,-0.0517362710098747,1
-0.1192351599894098,0.523425305410306,0.1554099323745367,3
-0.0510364341756409,-0.0817171328534871,0.0841084848989204,1
-0.0438062792044818,-0.0154999849373113,-0.0957573414299237,1
-0.0868806610099147,0.2622784109608013,-0.016197220790821,3
-0.102452192244136,0.3822699633040844,0.0369956562974886,3
-0.0544485572966793,-0.0124683043912902,-0.185810207294652,1
-0.04853229405707,-0.0174435943110134,-0.056877430881115,1
-0.0113361418483795,-0.033731639060745,-0.01851440696322,1
-0.1091113675661515,0.2485896288065583,0.0552203807069362,3
-0.0612524285552788,0.0311135499994255,0.0044984955779095,1
-0.0691279771292022,-0.0748804007643346,-0.323130976115587,1
-0.0666497942576159,-0.0091870832146164,-0.0779782637936506,1
-0.0022650097351643,-0.1722022476575481,0.2550503773724786,0
-0.0618075596389986,-0.0149376919791939,-0.0362520990946,1
-0.0511877213236323,-0.051979083845615,-0.1009477313958268,1
-0.0546534224389699,-0.0837807622549645,-0.0314991639480742,1
-0.0779554840943866,-0.0254170370769593,-0.2583498393791792,1
-0.0386266739977028,0.0098459041369721,0.0057241886216014,1
0.019639152616934,-0.134177254511522,0.2777368645075366,0
-0.0326004062990588,-0.0827592138211302,-0.187629920102487,1
-0.0923890743545886,0.2164208671244707,0.0322595123994642,3
-0.0420111729060264,0.0034210800832964,-0.0271531751755261,1
-0.0191334197483042,-0.1305975780392189,0.0117036066246997,1
-0.0399624636599214,0.0932593385804451,-0.0252317370477807,1
-0.0682737611883134,0.1139485858681733,0.0211514061834959,1
0.0410955529689178,-0.2052758502414456,0.3567496338144593,0
0.0179474462178116,-0.0254881940404134,-0.0751660668833615,1
0.0406543145820286,-0.1340258314452022,0.1229660401479936,0
-0.032509301067039,0.0298306561683855,0.025378818648636,1
0.021950358551987,-0.1885056214075473,0.1965397895095778,0
0.904706736312086,0.1065003261237123,-0.0765665990211798,2
-0.1156617724400751,0.6436963294075229,0.1939719932711636,3
-0.0093537165510305,-0.1482489975233479,0.2300764943951901,0
-0.095709552707913,0.211743010727697,-0.0076560910589143,3
-0.0396842867278999,-0.0858293415110564,-0.2058584160938437,1
-0.0676015253348971,0.0914632411825143,0.0078094683702875,1
-0.0484042911879275,-0.0377743500147094,-0.1881159520687211,1
-0.0618363367277044,0.0001136908457997,0.0593699188562773,1
-0.1192351599894098,0.523425305410306,0.1554099323745367,3
-0.0256079871699105,-0.1202707690578029,0.1611963939841059,0
-0.0357612241147614,-0.1278421237447613,-0.0853207161466791,1
0.8881596893441699,0.0976880591838448,-0.0732589560217579,2
-0.0618244377651978,-0.1383891294026848,-0.2498627242658553,1
-0.0559195021556579,-0.0654606451283163,-0.0515280638546712,1
-0.1156617724400751,0.6436963294075229,0.1939719932711636,3
-0.0722184164783606,-0.0835067472312155,-0.35015353227413,1
-0.0618883237142073,-0.127982365151793,-0.0188172087142851,1
-0.0429663282663643,0.0113384686068705,-0.0300464777200289,1
0.0468111857876064,-0.221292634806781,0.3614885067835804,0
-0.0478064061045659,0.0210645031094446,-0.0609314730596012,1
0.0288904029284791,-0.0935331253382064,0.0122249728021313,1
-0.0173993456608104,-0.084340106252961,-0.0049452537560202,1
-0.0476068693666707,0.0056634369571279,-0.0817180218698775,1
-0.041482820580921,0.0155409943801461,0.0036691265625096,1
0.027289679686388,-0.1542000753657767,0.1901736866883181,0
0.0271421953939986,-0.0935015203044729,0.0590907217705654,1
-0.0409848044915612,-0.0277420294637527,0.0056749105489121,1
-0.0474425818511009,-0.0474549513284912,-0.0710814599007317,1
-0.0900243812723748,0.0578747706690951,-0.2332519936679621,1
-0.0464793357771401,0.0580934509695421,0.0062537272300473,1
-0.0454611471148171,0.0549169493950292,-0.0515271632822925,1
-0.0868806610099147,0.2622784109608013,-0.016197220790821,3
0.8736174072183713,0.1210031751077301,-0.0606516720938959,2
-0.0694865939957791,0.1416187326451244,0.041820341860108,3
-0.0606443162128245,-0.1219735572246362,-0.3358028680245405,1
-0.0428276942765349,-0.0259649926834261,-0.0246969688558657,1
-0.0868806610099147,0.2622784109608013,-0.016197220790821,3
-0.052138281790152,0.0999788116634489,-0.0028747204091442,1
-0.1099333014323415,0.2692612552139558,0.0543385396979797,3
-0.071638072850655,-0.0250084860633554,-0.0077645115196671,1
0.0024144758157802,-0.1654183513052229,0.3006945117691553,0
0.0439727070816369,-0.1211846377991496,0.1911199109784291,0
0.0047875446120176,-0.1130507175368233,0.0411691137543404,1
-0.05407934176231,-0.0431428346216868,0.0067582924891615,1
-0.0834162404695831,0.092150070804346,-0.0206206475951353,1
-0.0868806610099147,0.2622784109608013,-0.016197220790821,3
-0.0230125237548411,-0.0100724569140526,-0.045655865066155,1
0.0072892416092426,-0.1434299368868765,0.1259582581375667,0
-0.0435696527333488,-0.0822120569954104,-0.1222411294418597,1
-0.0004191071418543,-0.0975678408378814,-0.2054351426556997,1
-0.0623792395437038,0.0534337866718805,0.0586138312296419,1
0.8981240927264522,0.1006956115377002,-0.0611307384514003,2
0.0105895890271817,-0.1481229133335527,0.1943577117623914,0
0.01054576439061,-0.1780917037315729,0.2660687408520698,0
-0.0548858381259942,-0.0391815489118551,-0.1302725641757265,1
-0.0282432565530959,0.003456587719747,-0.0499628776758591,1
-0.1073867684746947,0.238101861376021,0.093381407517642,3
-0.0669395057387573,0.1185021244430376,0.019453036246643,1
-0.0383723108139799,-0.11584688151924,-0.0472579506865286,1
-0.0027203041336986,-0.1408661912357751,0.0780498621799197,0
0.0193754519892616,-0.1247287434060362,0.1700697209275822,0
-0.0500759416631422,0.0732402286132016,0.0297122137719044,1
-0.0375067725979773,-0.06856895685319,-0.0725900414347527,1
-0.0484330277115416,-0.0552056639332209,-0.0669807200753499,1
-0.0268281041271613,-0.0460875032204253,-0.0912578243072802,1
-0.0314767855378439,-0.0726259950240962,-0.2308867721963366,1
-0.1156617724400751,0.6436963294075229,0.1939719932711636,3
-0.0491486857456703,-0.0310037663569108,-0.0265501112641114,1
0.0665365490549777,-0.1539491215142983,0.1550512841236353,0
0.0084734917499114,0.0425131435096844,0.0094102658939734,1
0.9186054861165552,0.109620987434361,-0.0547685868125482,2
-0.0185063535429464,-0.0466432151909693,-0.1356234346480846,1
-0.0333918979810451,-0.1047747018002961,-0.0667102281926515,1
-0.0192076989708228,-0.0255823688021054,0.0095169073333297,1
-0.0550644176385339,-0.0824229247482499,-0.2736347499557414,1
-0.0307997346274088,0.0318991243097067,0.021143949674085,1
-0.0430985143656957,-0.0635270488719522,0.0411909629155759,1
-0.0566100841082805,-0.0332905372321559,-0.0340638086438749,1
-0.0614583906987304,-0.079569653313111,-0.1203705616496335,1
-0.06252373060762,-0.0657303435216272,-0.0169823112252143,1
-0.046574739107233,0.0865486066514975,0.0595326601138532,1
-0.0532358403304521,-0.0743260703747098,-0.0969201543104224,1
-0.0035263289098632,-0.1549420897200294,0.1184579878389928,0
0.0427404947311105,-0.1827539853206806,0.3236068485885521,0
0.0060660232048477,-0.1846252325467713,0.3014286495655463,0
-0.0628560766423318,-0.0768783740005216,-0.0722325414983517,1
-0.0343663418858438,0.0076596305768115,-0.0046844744437277,1
0.0228736068656893,-0.2211314725211861,0.3620655208411016,0
-0.0634670577291417,-0.0181671015268392,-0.0903059123717996,1
-0.0550844879091041,-0.067609211573512,-0.1863686452846555,1
-0.0508341720022964,-0.0091346435530606,-0.0352430018200473,1
-0.0702310321984982,-0.0464605127095536,-0.2813714602273989,1
-0.0104250581738046,-0.054646931597338,-0.1259692024485005,1
-0.0720863271036104,-0.006635140123827,0.0897300754100176,1
-0.0387837677640347,-0.0887628904185338,0.0078007445771157,1
0.0222271649337798,-0.2272433459840773,0.3679822332403855,0
-0.0040366801168011,-0.1104441429805516,0.153396292472381,0
-0.0725376226543131,0.0484330984166469,-0.0236416915371269,1
-0.0641249666460595,-0.0881952137502882,-0.3287125169537129,1
-0.0689718943956456,0.1727633458433367,0.0073794181324519,3
-0.0558530628160425,-0.0812706779809318,-0.0881980709671506,1
-0.0628635751399931,0.0838764864361501,-0.0169550987666569,1
0.0043243577444023,-0.0732019980249302,-0.0972541603912195,1
-0.0627773128510022,0.0569648454053674,-0.0121060873207226,1
-0.031360204182784,-0.0462197251670696,-0.034446787059012,1
0.0812395334134561,-0.1038155833320775,-0.0146351172006619,1
0.8841402263785254,0.1036450182689501,-0.0548560469435601,2
-0.0860167067281166,0.2277540734963566,0.0213772185894397,3
0.9094367694034686,0.1029482348911099,-0.0582378537282549,2
0.0153095336243256,-0.2371568298477237,0.3813447606637391,0
-0.0670603101686121,-0.0874233522219557,-0.0578957593083484,1
-0.0358007101542873,-0.0079838030637053,0.0434375132698697,1
-0.0335747765844059,0.0002568063208137,-0.0177896051644476,1
0.0437415013739113,-0.2072467894888061,0.3514978569062101,0
-0.0446772919097943,-0.0427891136659945,-0.1037864873756884,1
-0.0463999866634287,0.0042733604008596,-0.041000493758455,1
-0.0197797266898903,-0.0306755317640165,0.062313725560366,1
-0.0367383973435227,-0.0656438467530307,-0.0803965085138923,1
-0.0666502663990164,0.0325289138564298,-0.0322432631083499,1
0.0044463857954331,-0.0769197215184456,0.1352403177512232,0
-0.0259565399706183,0.0009288745442197,-0.0120171818845213,1
-0.051372446728544,-0.0054697703292456,-0.0400125364965384,1
-0.0745245475985809,-0.1107626227774696,-0.3652766342068682,1
-0.0477934292009417,-0.03388350053895,-0.0454706315023693,1
-0.0329641907424442,-0.054133784908861,-0.0194727828191925,1
-0.0354619312161587,0.0278103979917521,-0.0312824929784041,1
0.0822680206324138,-0.0707351275145773,0.0932895168261945,0
-0.0541696917450439,-0.0903131342522296,-0.064840470722609,1
-0.0790930461236914,0.0372782527502431,0.0342819432887485,1
-0.073096670192446,-0.0654770713566837,-0.1734243592139781,1
-0.0161482800993767,-0.0565687986666838,-0.0933032291359852,1
-0.0444904334708586,-0.055853362371651,0.0051159271759463,1
-0.0584369414079312,-0.1069246948558931,-0.2132214434137312,1
-0.0558954814255453,0.0866142212892943,-0.0559915929828817,1
-0.0781921447496638,-0.0431904268922004,-0.1791944375142981,1
-0.0718624143791571,0.0635404001258242,0.0254868069949749,1
0.0175019004344948,-0.2253560933998,0.3106815906683974,0
0.0398666429092076,-0.201818193251635,0.3756895775511303,0
0.0422109503569069,-0.0025438167984448,-0.0313245721717659,1
0.0135385412554988,-0.0337290579224102,-0.1562535734515602,1
-0.08108735912158,0.1119143505216001,-0.0186369693604605,1
-0.0274924498369416,-0.0072089163735376,0.0489036226087447,1
-0.0078512556098924,-0.1651583882595351,0.2341305963389897,0
-0.0398349423291321,-0.0007616774764718,-0.0191507013207076,1
-0.0454369955062508,-0.0988797511709335,-0.0040456572562987,1
0.0392247482066414,-0.2121599511712096,0.3538767651291763,0
-0.0231057825910503,0.0472664366142627,-0.092366459941133,1
0.0253397532658139,-0.2198867329816176,0.3348687225088874,0
-0.0599817549530555,0.3011590606612379,0.0677684428103967,3
-0.06662404156782,-0.0272741389946351,-0.02957565695551,1
-0.0625709605490416,0.2068296372436429,0.0755728375570319,3
-0.051260167157076,-0.0395398349485138,-0.0186319301423162,1
-0.0432428348475829,0.0148248630126636,-0.0036143587455232,1
-0.0662504646257837,-0.061713949173446,-0.1770233019335032,1
0.0260111090277865,-0.2011705010361105,0.3191124733200221,0
0.9210617804062856,0.121754165313426,-0.0742739109389756,2
-0.1189591542764754,0.2753846386735853,0.0791466391712182,3
-0.0436816479555866,0.0468630040440918,0.0352986608084131,1
-0.0333931175654086,0.026668714032104,-0.0772499556894696,1
-0.0627506112211348,0.0220037640721851,-0.0151641187410056,1
-0.1004861310109248,0.2171639281485718,0.0498249101684959,3
-0.0430985143656957,-0.0635270488719522,0.0411909629155759,1
-0.0172985325457973,-0.1032031181930674,0.1055531046096348,0
-0.0440435183054621,-0.0461147858264361,-0.1420639424307608,1
0.0642259496371011,-0.2489903514731769,0.4290907162785438,0
-0.0531224794748014,-0.065265273836723,-0.0092444955227128,1
0.0230821173717136,-0.1740569792924998,0.2468420678156925,0
0.0465763166214617,-0.0706916038441943,0.0735815859867674,1
0.8844467243613134,0.1166084663104711,-0.0815181487180275,2
-0.0381770806554888,-0.07047882185629,-0.0469700604362065,1
-0.052138281790152,0.0999788116634489,-0.0028747204091442,1
-0.0628970352693179,0.1788254804379917,0.0534411585699848,3
0.0019835889036911,-0.1466351584197495,0.1753312136010421,0
0.0090310488616242,-0.1265117341724889,0.1622703826333582,0
-0.0763912581260711,0.1601983994319369,0.0657648101084129,3
-0.0342034883602547,-0.057660279075012,-0.0292949852304348,1
0.0194137462478468,-0.0938386316116157,0.2011237798776255,0
-0.0393003109675196,-0.0688529971560379,-0.1169254564145226,1
-0.0322323865411248,-0.0207961714664617,0.0440993594827091,1
-0.0500759416631422,0.0732402286132016,0.0297122137719044,1
0.0492311051590567,-0.0091128556671464,-0.0454478369885438,1
-0.0649915222794943,-0.1012528422863952,-0.3168075947931055,1
-0.0391143568956552,-0.093195895859627,0.0276065516882482,1
-0.0476068693666707,0.0056634369571279,-0.0817180218698775,1
-0.0325142332503313,0.002300990051452,-0.0541640106406224,1
-0.0411083330402787,-0.0778213011732847,-0.0891930903808161,1
-0.0553833045920753,0.234515541456294,-0.0140697241159739,3
-0.0537389070229913,-0.110298344543005,-0.0051646573554558,1
-0.0627862965834787,-0.068889053495068,0.07583839297091,1
0.020896030811918,-0.2134097913140591,0.3308374390651791,0
-0.0168935920531126,-0.0680724595484721,-0.1074709618318466,1
-0.029564647162158,-0.0789290828227628,-0.1025018337640808,1
-0.0358424569186203,-0.0726199981422625,-0.1512300219737631,1
0.000874654438456,-0.0401494104441028,-0.035217862650466,1
-0.0429106329870097,0.002494383125545,-0.0242434990794162,1
-0.0386266739977028,0.0098459041369721,0.0057241886216014,1
-0.0379008958756673,-0.0484274525347316,-0.2073232603581722,1
-0.1192351599894098,0.523425305410306,0.1554099323745367,3
0.0722931246279839,-0.1916599579951862,0.3280724032726809,0
-0.0244638046024621,-0.0526896094296632,-0.0436526369575245,1
-0.0711320848917899,-0.061103877761614,-0.0646684358645732,1
-0.0267189485375628,-0.094773941139649,-0.0158154724646641,1
0.0156278621025188,-0.1295875732908367,0.1698101917461299,0
-0.0177722767800263,-0.0795808667055805,-0.092942884069732,1
-0.0298220704384819,-0.1512781791747885,0.0483104182663496,1
-0.0700779265404247,-0.1071193750588335,-0.3627242512581337,1
-0.1099333014323415,0.2692612552139558,0.0543385396979797,3
-0.0156578211579623,0.0727756769234381,-0.0443150838546138,1
0.9023275197741608,0.0933835572143605,-0.0476273992216219,2
0.0026293036942614,-0.1168571618869213,0.139377321980186,0
-0.0160674730369763,-0.0082733060412041,-0.0115543872404847,1
-0.0673365786965232,0.1507362027954319,0.0153801877325027,3
-0.0411107600309918,-0.0852872107532569,-0.0028902624218464,1
-0.0540032943283426,-0.1001440121035638,-0.3290092764728181,1
-0.0498106788442534,-0.0674374037598242,-0.0124305147731222,1
-0.0041030480632895,-0.1592913135422463,0.2620090592495483,0
-0.0090389000294116,-0.1019643761756647,0.1102427279628869,0
-0.1156617724400751,0.6436963294075229,0.1939719932711636,3
-0.0659994793886502,0.1188663902214541,-0.0018180442540912,1
0.0202528435418371,-0.195336074670737,0.2846744019812766,0
-0.0267531470992029,-0.1332256283990352,0.1148635234205973,0
-0.0578661254122861,-0.0318521173225426,-0.0610405523722648,1
-0.0665176586118327,-0.1009400725983014,-0.2938673644096402,1
-0.0747446182398601,0.0136481278218253,-0.0135234978266078,1
-0.0597208468030529,-0.1054398616846645,-0.3116999676842805,1
0.0467808884166603,-0.2177580275547946,0.3822482319632815,0
-0.1156358395291918,0.29069897516908,0.0357706724099133,3
-0.0662504646257837,-0.061713949173446,-0.1770233019335032,1
-0.0475915598900732,0.3021915940678922,0.0493591170108899,3
-0.0104139918953749,-0.1881202058560437,0.2732242603151287,0
-0.0974698016556835,0.2729156862006045,0.0711905323311497,3
-0.0703878046950134,-0.0407981033456663,-0.0881569205051639,1
-0.0635895902238545,-0.0640007033060185,-0.258734295541066,1
0.0004118197829568,-0.1658867161621532,0.2414281641404338,0
0.035904361269992,-0.141211633072929,0.2325945993997229,0
-0.050651088281797,-0.1205761944767388,-0.0448645822753736,1
0.001448295139514,0.0189062313551359,-0.0052274905407898,1
0.0136581410105012,-0.0586293077613589,-0.0814740172053024,1
-0.0449697588934797,-0.0128096470115132,-0.0639383978987255,1
-0.0894355597973265,-0.0899094049088733,-0.1866545629748532,1
-0.0454611471148171,0.0549169493950292,-0.0515271632822925,1
0.0021218948224733,-0.1143139191915417,0.0305024796772977,1
0.0112620276216524,-0.2037237414329334,0.266676027709709,0
-0.0402202474400283,-0.0366221143802016,-0.057905233330367,1
-0.095709552707913,0.211743010727697,-0.0076560910589143,3
-0.0300165139844574,0.0220830792481095,-0.008540686042681,1
0.9190518963975024,0.1347596642701477,-0.0801154724373594,2
-0.0378394902570768,-0.0439308034517033,-0.0649710013599607,1
-0.0347886492164955,-0.0870062298814816,-0.087228384070516,1
-0.04575325929255,-0.0941276112825234,0.0171244469235212,1
-0.0665115441815861,0.1535552674968255,0.0558322514281302,3
-0.0340958638414479,-0.0493905947866661,-0.0454469064262495,1
-0.1008442633103649,0.11623224668878,-0.0252943211325573,1
-0.0766822772985892,-0.1201110964295543,-0.2994901590521845,1
-0.0220713471555965,-0.1808398032646576,0.1553648554527489,0
-0.1156617724400751,0.6436963294075229,0.1939719932711636,3
-0.1156617724400751,0.6436963294075229,0.1939719932711636,3
0.0266001663967434,-0.1012535496771267,0.11095494061786,0
0.0066908116517031,-0.2011624879222442,0.3364182235872078,0
0.0020717042777879,-0.0304143560509134,-0.0369469648012904,1
-0.0923047516073963,0.2158156138912226,0.0322429532134501,3
0.015134948968267,-0.173026694641788,0.264437785402164,0
0.9144563750483148,0.1238357814714058,-0.0519011237724185,2
-0.040927593164794,-0.1115459477925813,-0.0337144644553901,1
-0.0552846184844969,0.1034408256541638,0.0356440654880356,1
-0.0461364627362639,-0.0273257494846615,-0.129383397673326,1
-0.0805668046151536,0.1727431309765706,0.0106010179424229,3
-0.0436816479555866,0.0468630040440918,0.0352986608084131,1
0.0233685112274988,-0.0351838009676028,-0.1130165838612702,1
-0.0226261869357586,-0.0104127704673673,-0.0484936685787944,1
-0.0397669805998074,-0.0730348400418779,-0.0438605336876721,1
-0.0531293584441561,-0.0159636828153577,-0.0589684350645169,1
0.0921069168887893,0.08442859640162,-0.0639634544762065,1
-0.0464793357771401,0.0580934509695421,0.0062537272300473,1
-0.0754705243890072,-0.0722635564866474,-0.3001254623918226,1
-0.0552846184844969,0.1034408256541638,0.0356440654880356,1
-0.1156617724400751,0.6436963294075229,0.1939719932711636,3
-0.0657125337542512,0.089725002057759,0.0187561413428531,1
-0.0647698416255573,-0.0453684592668031,-0.0488816259452299,1
-0.1008442633103649,0.11623224668878,-0.0252943211325573,1
-0.0473005492116512,-0.0943372897281081,-0.0561954122330005,1
0.0084734917499114,0.0425131435096844,0.0094102658939734,1
-0.0766483810063013,0.1599996988060019,0.0651694771937289,3
-0.0950311045049573,0.2509764003698882,0.0263072645526894,3
0.0399554869268016,-0.223071476600399,0.4063066503142275,0
-0.0444980276173398,0.0292244169618267,0.0641807673886996,1
-0.0378490893656122,0.0159334756174325,-0.0154948354026666,1
-0.0827621769135361,0.1323797361131,0.0350973546683095,3
0.8581859405001694,0.1459433610213812,-0.0804463450616207,2
-0.0603478865902285,-0.0143261463266616,-0.0261243902026267,1
-0.0507341801411334,-0.0366484680329462,-0.0321070031144712,1
-0.0616936724859489,0.1721624909456492,0.0220958182874681,3
-0.0206273421307855,-0.1458765039299221,0.1745267365500207,0
-0.0611321164374998,-0.0747483570161366,-0.032237491910337,1
-0.0440488108748666,-0.0856243306589693,-0.0474674475868357,1
-0.009665868998501,-0.1712127500220479,0.2628627014567437,0
-0.052138281790152,0.0999788116634489,-0.0028747204091442,1
-0.0536443713467256,-0.0984408693409027,0.0779571740851843,1
-0.0580550149081424,0.0007698878221025,-0.0143481861498067,1
-0.1080617893515254,0.2303114699185984,0.0502668407798591,3
0.0700463801462432,-0.1369672860978418,0.1968023378804904,0
-0.0668838222322401,-0.0972767704401218,-0.3727370030334676,1
0.0214094673443456,-0.2648595055496833,0.457925183116013,0
0.0172945684511368,-0.1666838044335484,0.1991474654876807,0
0.0254320278073824,-0.2313688711062194,0.3970369266295692,0
-0.0199970058087,-0.1190263099398751,0.137397855008567,0
-0.0063157532381242,-0.010566924198131,-0.0310221906473947,1
0.0361256032211999,-0.0667221699218091,0.022610846357424,1
-0.0352834224940459,-0.0530168635130499,-0.0500969402199246,1
-0.0348027262415398,-0.0771489013429592,-0.0979950070869729,1
-0.0317453488864869,-0.0468938143818014,-0.0906472698083369,1
-0.0511775868981452,-0.0078757735681033,-0.0733629921910958,1
-0.0859847268493283,0.2274980090512451,0.0213706936820818,3
0.0077836399925562,-0.1168387506186188,0.2198681252780556,0
-0.0949315216234155,0.1454540494018147,0.0416769840126919,3
-0.0770006799827618,0.1394721203205466,0.0577128967883359,3
-0.0063952240836671,-0.0381322403211694,-0.0420005117957336,1
-0.0493549045194198,-0.0899691759505016,-0.0739775495584377,1
-0.04060519975279,0.033870853798491,-0.0306244465647362,1
-0.0400752500501591,-0.0482126132561764,-0.0610008082379674,1
0.9050110700889756,0.1016435800039319,-0.041696245935789,2
-0.0868806610099147,0.2622784109608013,-0.016197220790821,3
-0.0278655919849007,-0.0736244486949051,-0.0563971408659055,1
-0.0557777769927831,-0.0416007337103118,0.0434168616764003,1
0.0678182988517237,0.0058148555403796,-0.0161355193861011,1
-0.1019022079827792,0.2834837945718015,0.0693990643962949,3
-0.0799840558032802,-0.0717238241493843,-0.3088179627757894,1
-0.0279269169479494,-0.0494855785278496,0.0373429704072947,1
-0.0571180862035643,-0.031617328559102,-0.1021313683937496,1
-0.0718862565718258,-0.0745364216847229,-0.3310333933267691,1
-0.0297176239614932,-0.1004742862811574,0.2449007959421788,0
0.050553321494674,-0.2020461942023273,0.335472125692175,0
-0.0556704239906127,-0.0170660719459549,-0.0108614512970485,1
-0.0868806610099147,0.2622784109608013,-0.016197220790821,3
-0.1189591542764754,0.2753846386735853,0.0791466391712182,3
-0.0105462311004084,-0.0661849385336056,-0.0948537561634561,1
-0.0112564350342786,-0.1138192005112033,0.1497325075191867,0
-0.0673254755047663,-0.073168571838256,-0.1905105001957099,1
-0.0571298172353027,-0.0556390994134786,-0.1026203289936423,1
-0.0572447156370134,-0.0322848900215107,-0.031256103421344,1
-0.0305753951538945,0.0306651952823384,-0.0147570034344204,1
-0.0601033030874537,-0.0675225814756854,-0.1000076803982975,1
-0.0536651586045506,-0.0319638841804964,-0.0476730830064278,1
-0.0553592130576941,-0.0833260160200583,-0.0206477930841084,1
0.0571809372172182,-0.2645831719746442,0.3803776166135192,0
-0.0612083796659938,-0.0906831088807534,-0.0698609756889687,1
-0.0440396302215742,-0.0318565325006788,-0.0283963826402254,1
-0.0631577134478018,-0.0608235947013296,-0.0026166619677709,1
-0.0546211446011797,-0.0671195681927586,-0.1022311518239952,1
-0.0571168829280463,-0.0694025712225604,-0.2279477287981146,1
0.0026101084328929,0.0072056687827069,-0.0544376142567587,1
-0.0278150410417496,-0.0737683103445289,-0.0269911518954971,1
-0.0599817549530555,0.3011590606612379,0.0677684428103967,3
-0.0644328941213336,0.1552066524732575,0.0542651214584173,3
0.0698635739009434,-0.0206960270051799,0.006240303487875,1
0.0042917725069004,0.0593732444421585,-0.0117290328918803,1
-0.0444546615005523,-0.0441322724427364,-0.1872605231298412,1
0.0150937561235534,-0.182986728357086,0.2799458895624642,0
0.0125096330836877,-0.2118366257049596,0.3307464072319067,0
-0.0644493062398318,-0.0757728886055849,-0.1031409666039709,1
-0.0859847268493283,0.2274980090512451,0.0213706936820818,3
-0.0431570766265322,-0.0942312964452809,-0.0391897387782781,1
-0.0343453958937646,-0.1431028468994223,-0.0069772336005789,1
-0.0435519793540282,-0.1210905096842041,0.0208107795196534,1
-0.0592792745231567,0.0351106552824353,-0.0369939096763241,1
-0.0468536059419363,-0.0221042304818784,-0.0792177252998198,1
-0.0666502663990164,0.0325289138564298,-0.0322432631083499,1
0.0853522995383541,-0.2289472570011864,0.405830067661641,0
-0.0974698016556835,0.2729156862006045,0.0711905323311497,3
-0.0369795023289627,-0.0020409347924859,-0.031393297957082,1
-0.068848004694464,0.0455366978458735,0.0171675861427858,1
0.8879735220967313,0.108300454531617,-0.0589458882546565,2
-0.0650415718535375,-0.0131184072819672,-0.0326913643472739,1
-0.0375197418537695,-0.0202840502310525,0.0370520725627751,1
-0.0401221683460885,-0.0179592817367004,-0.1341593717621813,1
-0.0447847377931323,0.071262540137429,-0.005799559890453,1
-0.0515910908181093,-0.0775265100672134,-0.2666894606313248,1
-0.0561624023243362,-0.0372691934420317,-0.0361753098284599,1
-0.0541696917450439,-0.0903131342522296,-0.064840470722609,1
-0.0560370621449147,0.1166321304846335,0.0934635915025427,3
-0.0373842691620661,0.0834407305755663,-0.0281507089386642,1
-0.0967534022676318,0.3378745523541021,0.0554187974976728,3
-0.0310628488274363,-0.0395363013621218,-0.0314446644277705,1
-0.0420755035705254,-0.0699172280589461,-0.0063505083298235,1
-0.0579757151563887,-0.1098229002521908,-0.1248506120907595,1
-0.0387954609145148,-0.0230686268395275,-0.0564632192051259,1
0.0111814736107514,-0.1391306004476064,0.1713119546212846,0
0.0032271158680482,-0.1018395544231003,0.1386976642033443,0
-0.0468620305345542,-0.086734572078843,-0.0676409910498386,1
-0.0385535518249433,-0.0265676309474734,-0.0908485087841242,1
-0.1192351599894098,0.523425305410306,0.1554099323745367,3
-0.0177584025773374,-0.0150699148124562,-0.0413099433755009,1
0.0047875446120176,-0.1130507175368233,0.0411691137543404,1
-0.0574627452074188,0.0351390610328015,-0.0189676551695712,1
0.0226372872545809,-0.1220663454239875,0.1693048723055942,0
-0.0646941347624396,-0.0960960247399935,-0.1873824962272128,1
-0.052821626589041,-0.0617994852847281,-0.0505804295344245,1
-0.0680591889211774,-0.0436176149045924,-0.0950160843245185,1
-0.0579771473990191,-0.0560915959341952,-0.0769889830963642,1
-0.0681913777952928,-0.0923726532836099,-0.2808468624288405,1
-0.0703214658690739,0.1075583794400848,-0.0032473601033711,1
-0.0733794648414346,-0.0337763472512094,-0.0011076459932032,1
-0.0595741320682225,-0.0500703181221305,-0.0110944627637676,1
-0.0436816479555866,0.0468630040440918,0.0352986608084131,1
-0.0622492377735868,-0.0757578902125847,-0.0238953945475643,1
0.8895335497386082,0.1018271795588481,-0.0683474518179131,2
-0.0381706435622301,-0.054785743108624,-0.197532246360965,1
-0.0173284591281618,-0.0375292059966479,-0.0123367250100977,1
0.0240632551037045,-0.0212245703950797,-0.0284594337444368,1
-0.116467526484924,0.3089764032806447,0.0337187641831814,3
-0.0454611471148171,0.0549169493950292,-0.0515271632822925,1
-0.0379459140058154,-0.0480696562336925,-0.2073369861595804,1
-0.0673507723125313,-0.0421001185733857,-0.0872414699547145,1
0.0244601844846266,-0.1798613543539338,0.2867608066459065,0
-0.0628970352693179,0.1788254804379917,0.0534411585699848,3
-0.0160674730369763,-0.0082733060412041,-0.0115543872404847,1
-0.0195487229382885,-0.1085140943015302,-0.0453780435125908,1
-0.0942814821829375,0.1888075562763879,0.0826590455068083,3
-0.0343796622233724,0.1095921595156908,0.0138417051041655,1
-0.014163459006709,-0.0367709358227668,-0.0316429518674347,1
-0.0498974354368879,-0.0618754009644405,-0.1097420174150333,1
-0.0515577630809206,-0.0562015087697657,-0.2068552263329167,1
0.1246726930329346,0.0355282714588909,-0.0112669156617146,1
-0.0084593795348845,-0.0530629752138212,-0.0181934552040219,1
-0.0550844879091041,-0.067609211573512,-0.1863686452846555,1
-0.0518210266072177,-0.1115596521214089,-0.0772394007504333,1
-0.0510099002970337,-0.0931519906344047,-0.2882009920258613,1
-0.0525738622141671,-0.0639935288185451,-0.0057006771069927,1
-0.0827621769135361,0.1323797361131,0.0350973546683095,3
0.0020421985519814,-0.0845983796000798,-0.1091859053479377,1
-0.0808139614505672,0.1796665496959386,0.0225831995513482,3
0.0427396328320862,-0.2219704220043766,0.3314350830770756,0
0.0136581410105012,-0.0586293077613589,-0.0814740172053024,1
-0.0652551368501998,0.0235553416875574,0.010462707716548,1
-0.008864770701742,-0.1328779768129458,0.2142627973032965,0
-0.0546534224389699,-0.0837807622549645,-0.0314991639480742,1
-0.0824900178050964,0.0623001275755286,-0.0251098076440567,1
-0.073096670192446,-0.0654770713566837,-0.1734243592139781,1
-0.0766483810063013,0.1599996988060019,0.0651694771937289,3
-0.1156617724400751,0.6436963294075229,0.1939719932711636,3
-0.0358007101542873,-0.0079838030637053,0.0434375132698697,1
0.9193050274565076,0.1130124414512994,-0.0623842546903878,2
-0.0334509250636708,-0.1118232833101227,-0.0575008722927345,1
0.0574500218280378,-0.1631185465977071,0.2733628359432067,0
-0.0516413327764955,0.0605495695893569,-0.0053505271111637,1
0.0398765948695424,-0.1664180555732511,0.243948317530589,0
-0.0306378205769646,-0.0761994502039583,-0.0567362239021645,1
-0.0210481683087287,-0.0643400021942409,-0.0178438203057179,1
-0.1192351599894098,0.523425305410306,0.1554099323745367,3
-0.0553583192611841,0.0163066596447335,-0.0126530045623391,1
-0.0497857073475227,-0.0397202538472175,-0.0969915494446635,1
-0.0780599036263112,-0.0965134579455738,-0.2519967246622396,1
-0.0391937597109881,-0.0150068761600746,-0.0294587505234154,1
-0.0464793357771401,0.0580934509695421,0.0062537272300473,1
-0.0004191071418543,-0.0975678408378814,-0.2054351426556997,1
-0.0447723090881524,-0.0557920296299197,-0.1770308331429058,1
-0.0310306296194795,-0.0778161537987037,-0.143025123678897,1
-0.0364811139831318,0.0825377140443967,-0.0306863252980072,1
-0.0677534884246942,-0.0778820822372737,-0.2738816677804069,1
-0.0547152992588624,-0.0720692366704729,-0.0101961492131628,1
0.0478855936207816,-0.2555308715441933,0.3239904423662347,0
-0.0402938855159766,-0.04288126663432,-0.030923945097778,1
-0.0468517580345839,0.0936317398881109,-0.0363413543177547,1
-0.0218519395895343,0.1877816827235026,-0.0035820088794617,3
-0.0390369816196467,-0.0478684814990885,-0.0476212065728946,1
0.885606343064602,0.0894057130571914,-0.0610879024194064,2
-0.073096670192446,-0.0654770713566837,-0.1734243592139781,1
0.0722366066615123,-0.1991238636528738,0.2846167250620988,0
0.0428811077471229,-0.2276894894145482,0.2759623549508608,0
-0.1156617724400751,0.6436963294075229,0.1939719932711636,3
0.0011850315928341,-0.0299222335633119,-0.1151424538062177,1
-9.645469173955407e-05,-0.1355671391644483,0.2226356569428832,0
-0.0524789198802292,-0.1338412145895706,-0.0550534543695817,1
-0.0657818031619645,0.0500734294475136,0.0003726838424171,1
-0.0605495128949331,0.0392399106549642,-0.0164486696680522,1
0.0086581242233787,0.0217555959392051,-0.0353052209187749,1
-0.1156358395291918,0.29069897516908,0.0357706724099133,3
-0.1156617724400751,0.6436963294075229,0.1939719932711636,3
-0.0694865939957791,0.1416187326451244,0.041820341860108,3
-0.1192351599894098,0.523425305410306,0.1554099323745367,3
-0.0489156438337596,-0.0414327689670127,-0.0169001481819094,1
-0.0591497529110584,0.0123732678436064,-0.0243626628568863,1
0.0020870433494702,-0.0422997813386661,-0.0598670881153297,1
-0.0531517784569478,-0.0553502473772853,-0.2269137154380621,1
-0.0192620399939244,-0.1135728630961638,0.0633914287635488,1
-0.1156617724400751,0.6436963294075229,0.1939719932711636,3
-0.0562635174070024,0.2017591997300494,0.0505510703898715,3
-0.0279871121667533,0.0135289415735545,-0.0076641871557432,1
-0.045229809266615,-0.0160151497415095,-0.0235194429050202,1
-0.0367212769261443,-0.002476880240814,-0.0271893727261042,1
-0.0215454122459431,-0.1953521000130463,0.1026206133671957,0
-0.0766483810063013,0.1599996988060019,0.0651694771937289,3
0.0652955793409457,-0.0101086601758301,-0.0391803180599043,1
-0.0581053430472707,-0.0668218861743772,-0.0549016693056037,1
-0.0735984094498537,0.2226987091370806,0.0437126083158638,3
-0.0039507401879019,-0.1467508496622243,0.2537626586975479,0
-0.116467526484924,0.3089764032806447,0.0337187641831814,3
-0.055727903880637,0.194415699709683,0.0121484410870351,3
0.9076029599445335,0.1017375635888497,-0.0371982351160471,2
0.9018839804332232,0.0922807971911498,-0.0164520459377384,2
-0.04060519975279,0.033870853798491,-0.0306244465647362,1
-0.0455421013969419,0.017859563835299,0.0101206007971101,1
-0.0672598752533718,0.115083294418763,0.0326043691496037,1
-0.1156617724400751,0.6436963294075229,0.1939719932711636,3
-0.0260350350949182,-0.1266210844627356,-0.1330474218752431,1
-0.0858982538704533,0.1871710516595478,0.0693558296374874,3
-0.0004191071418543,-0.0975678408378814,-0.2054351426556997,1
-0.0283612074662411,-0.0383542479330295,-0.0408366209973591,1
-0.0629561098150596,0.1990863914816059,0.018007783112794,3
0.0088158638228636,-0.2088117002057129,0.3483714458653125,0
-0.024376044486325,-0.0144423378486385,-0.0168854305689619,1
-0.0662672128936359,-0.0199642760535521,-0.0237714360102303,1
-0.0470046523161063,-0.1405341097791422,0.0644632705786231,1
-0.0292585678770677,-0.096906192043371,-0.0844009006669596,1
0.0159100376796332,-0.1012699662846934,-0.1325246980250083,1
-0.0479188757178911,0.1226395086403639,0.0503079239167536,3
-0.0286427963882363,-0.1253837214507438,0.0929538261024553,0
0.0081288420611914,-0.0749083615617989,-0.0213990137861181,1
-0.0628970352693179,0.1788254804379917,0.0534411585699848,3
0.0039739324420856,-0.1708865359224506,0.2463549887823262,0
-0.1156617724400751,0.6436963294075229,0.1939719932711636,3
-0.0927629311193728,0.3344315308600902,0.0964456972603069,3
-0.0900243812723748,0.0578747706690951,-0.2332519936679621,1
0.000158553678858,-0.1219698349177994,0.0750852859894356,1
-0.0604326654058883,-0.1043774130560059,-0.2761504232480099,1
-0.0618883237142073,-0.127982365151793,-0.0188172087142851,1
0.0217218234410138,-0.0910445194106605,0.0745380790426415,1
0.0097712164924592,-0.1303617795468125,0.2316882905660122,0
-0.0152464375408906,-0.0217230793429396,-0.0126769013322074,1
-0.0538385477531873,-0.0612887329394005,-0.2206191373920192,1
-0.0394358874940071,-0.1153493538170556,-0.0840467302120571,1
-0.0494059515351159,-0.0478721116538147,-0.1820189388349579,1
0.89232074909997,0.1108310295872792,-0.0607483852376362,2
-0.0685335403924952,0.0775782161559986,0.0010741786251643,1
0.0121187727678154,-0.0219883842565495,-0.0341926832244981,1
-0.0492424563281214,-0.0005041095232024,0.051222542686831,1
-0.0366970483299271,-0.0561271287800431,-0.034544001507297,1
-0.0635558717076227,-0.051613957243878,-0.0994400662245483,1
-0.0628970352693179,0.1788254804379917,0.0534411585699848,3
-0.0483421086777547,-0.0139828159565206,0.0316745450136602,1
-0.061867555921882,-0.0949865976539467,-0.2540774532564214,1
-0.0341972540988372,-0.031269109259271,-0.0646488549647126,1
-0.0551982708796197,-0.0704329964980908,-0.2540403924084028,1
-0.0618075596389986,-0.0149376919791939,-0.0362520990946,1
-0.0404466184508096,-0.0866277846250523,0.0171460159242391,1
-0.0244039387968678,-0.0962629736631517,0.0386735773958683,1
-0.0797938792376103,0.1688953046822775,0.0499477571168247,3
-0.0340893629063224,0.0138528104619192,-0.0248436429018348,1
-0.0408424217255622,-0.1095519579396036,0.0684199620755689,1
-0.116467526484924,0.3089764032806447,0.0337187641831814,3
0.9029417341690532,0.0965331169175936,-0.0375429841920639,2
-0.1244305681659753,0.2532998842131507,0.0127982401748621,3
0.0321274333769439,-0.1345526921579674,0.2260410729444103,0
-0.0786241028247088,0.0827946156513857,0.0077226323132158,1
-0.0674016533436896,-0.0042969244144263,-0.0460116835078985,1
-0.0391143568956552,-0.093195895859627,0.0276065516882482,1
-0.0559323269116867,-0.0644445037273928,-0.0724962691247476,1
-0.0391885745734774,-0.071558560096968,-0.062412099949877,1
-0.0182307135413978,-0.0388402097612957,-0.1346616550035537,1
0.0207955090515449,-0.0071076187444553,-0.0282967184976592,1
-0.0393466158247331,-0.0535747201554,0.0061417508289304,1
0.9034401392925138,0.1018223214103863,-0.0425034567799212,2
-0.0667878284576668,-0.1041565045152464,-0.3441626191429302,1
-0.0742591325067244,0.0034736954973888,-0.0812467591134957,1
-0.0695449389709502,0.018796347667524,-0.0491572366524296,1
-0.1156617724400751,0.6436963294075229,0.1939719932711636,3
-0.0645805252496775,-0.0899294315260182,-0.3221453091460623,1
-0.0685066128763354,-0.0791281964133683,-0.2803012980969027,1
-0.0019573950381106,-0.1276150661944513,0.2347106686523575,0
-0.0167037271740946,-0.0564166176479561,-0.028132407199252,1
-0.0009442686202236,-0.2285185715387642,0.3926677815102771,0
0.0652955793409457,-0.0101086601758301,-0.0391803180599043,1
-0.0305080453961472,-0.0359021921566252,0.0832795543477141,1
-0.0227298999548349,-0.0969572204148369,-0.0984254758597071,1
-0.1189591542764754,0.2753846386735853,0.0791466391712182,3
-0.0438494777819103,-0.0907400356804841,-0.0764013503375959,1
-0.0567064898917564,-0.013683583777366,-0.0498777141464944,1
-0.031983420408328,-0.0863294039388131,-0.0897439945942688,1
-0.0168570015598675,-0.0535449139909859,-0.0842135481421517,1
-0.0487811613535757,0.0008480484612016,-0.0733414733875876,1
0.0056004103137361,-0.1569993638105857,0.2485656438728651,0
-0.0305187623363046,-0.0041819573667166,0.0277180714863357,1
0.9255402038243328,0.1115184162293859,-0.0638313068821643,2
-0.0483207052987467,-0.0491776878553472,-0.1535234260648924,1
-0.0264922528192108,-0.0969436980975311,-0.0153758479337861,1
0.0110663112575961,-0.1881725981677408,0.3234127335515959,0
-0.0918419049397984,0.2164108309930501,0.0630873221156327,3
-0.052138281790152,0.0999788116634489,-0.0028747204091442,1
0.0035585641344275,-0.1355058282003283,0.2423491280371808,0
-0.0409497656092999,-0.0441547178237001,-0.0481013487493122,1
-0.1156617724400751,0.6436963294075229,0.1939719932711636,3
-0.0858982538704533,0.1871710516595478,0.0693558296374874,3
0.0161522847949229,-0.0679625738194167,-0.0572192393338384,1
0.9319520852057614,0.1138441595715738,-0.0574413079157121,2
-0.0591422873061466,0.0203660799618864,-0.0451311570624481,1
-0.0501098772335437,-0.032706746137286,-0.1040190490392402,1
0.0390523086354186,-0.227754040422603,0.4124806333090685,0
-0.1244305681659753,0.2532998842131507,0.0127982401748621,3
-0.0717895203402041,-0.0600390810591612,-0.1865335233070146,1
-0.045514769111183,-0.002495257038184,0.0094203604991252,1
-0.1091113675661515,0.2485896288065583,0.0552203807069362,3
-0.0706390963201062,-0.0619410303242971,-0.1733128168762088,1
-0.0210268457052094,-0.0687626867278205,-0.0692064286083081,1
-0.1192351599894098,0.523425305410306,0.1554099323745367,3
-0.052138281790152,0.0999788116634489,-0.0028747204091442,1
-0.0918419049397984,0.2164108309930501,0.0630873221156327,3
-0.0480128673835067,0.1233674217913231,0.0503352111567054,3
-0.010827315067181,-0.1474432077356416,0.1131402007720584,0
-0.0309924329275997,0.0026731148775914,-0.047650235556483,1
-0.0499217235371216,-0.122631297600254,0.0122963195182141,1
-0.0358722516318691,-0.0500062985820772,-0.0123264841777589,1
-0.0413098631792255,-0.0012751393567705,0.0039320675519197,1
-0.0417874981916452,-0.0338640306393888,-0.0331290344613513,1
-0.0551815986514325,0.0380581482997213,-0.0023846077233091,1
-0.0868806610099147,0.2622784109608013,-0.016197220790821,3
0.0342834589038995,-0.2204447474077039,0.4027890730210253,0
0.899732934826199,0.092472845127265,-0.0260160543942124,2
-0.0974416028746085,0.1358722344204397,-0.0103697797495711,3
-0.0513290508898392,-0.0747483078652918,-0.0823348406659825,1
-0.1156358395291918,0.29069897516908,0.0357706724099133,3
-0.0446772919097943,-0.0427891136659945,-0.1037864873756884,1
0.9097998840939986,0.1072397003216704,-0.0549968603539636,2
-0.0899060196439293,0.3342703520185836,0.0268448064802077,3
-0.1189591542764754,0.2753846386735853,0.0791466391712182,3
-0.0860167067281166,0.2277540734963566,0.0213772185894397,3
-0.0191334197483042,-0.1305975780392189,0.0117036066246997,1
-0.0229746569709539,-0.0766250186169009,0.0483421679901702,1
-0.0210481683087287,-0.0643400021942409,-0.0178438203057179,1
-0.0905890447151964,0.0212649175196966,-0.113377051530155,1
0.0485090213477399,-0.1180878796673386,0.1135539167155705,0
0.005298351368032,-0.0877438783253817,-0.1330806453977889,1
0.0217794559885552,-0.1251956187317478,0.1840742319251925,0
-0.0314767855378439,-0.0726259950240962,-0.2308867721963366,1
0.8971406228808909,0.072557160529912,-0.0054867788651832,2
-0.0211575078598004,-0.0079622639072087,-0.0308114521271501,1
-0.0616936724859489,0.1721624909456492,0.0220958182874681,3
-0.0546534224389699,-0.0837807622549645,-0.0314991639480742,1
-0.0321302253607223,-0.0208138619839579,-0.0073093580541736,1
-0.0569241920133327,-0.0061386090597222,-0.0022680735878594,1
-0.0197734568263521,-0.1330715731247309,0.2445625039686033,0
0.0084734917499114,0.0425131435096844,0.0094102658939734,1
0.0204546294569486,-0.0878473657328536,0.0414632633468077,1
-0.0518969478755616,0.0343417329380598,-0.043746304415131,1
-0.0281673365014353,-0.0235022646795284,0.0363497167814339,1
-0.0194914553396429,-0.0188456047093593,-0.1022594182933064,1
-0.0253355380648464,0.013074202410794,-0.0189782318432031,1
-0.0711507467826468,-0.0228869949928043,-0.1492034229871114,1
0.0275478605672116,-0.0335658645094578,-0.0062457148660477,1
-0.05922890183536,-0.060665235062456,-0.0975404580456398,1
-0.05922890183536,-0.060665235062456,-0.0975404580456398,1
-0.0407138393539092,-0.022870537804635,0.0107809832670863,1
-0.0435696527333488,-0.0822120569954104,-0.1222411294418597,1
-0.0454369955062508,-0.0988797511709335,-0.0040456572562987,1
-0.0652670092578038,-0.0640820113488848,-0.270832382693091,1
-0.0676367298245262,-0.1017931004984012,-0.0810825784949285,1
-0.0296015913067786,-0.0296330680332544,-0.0962815986613956,1
-0.0880966136837328,0.1047272532348176,-0.2373505191238315,1
-0.0456954834736121,-0.0250771522374231,0.017088002327507,1
-0.0096518626526978,-0.0209422889951101,-0.0433792820649362,1
-0.052426103914216,-0.0483522627506019,-0.1776448716945668,1
-0.0583041432920947,-0.0412172401044141,-0.0174996852516767,1
-0.0341829394996734,-0.10572121826308,-0.3404369209063791,1
-0.0435469760430327,-0.0617155721828036,-0.1060634019242348,1
-0.0403109413238035,-0.0696177640130826,-0.0472278572854435,1
-0.0201057356808058,-0.0555959413547217,-0.1223786891764231,1
-0.0469630463334992,0.0582036199902369,-0.0103578000964003,1
-0.0667621363681541,0.0516720023524428,-0.0628256070322777,1
-0.044443939755131,0.0840665912246344,-0.0558232332672479,1
-0.0109531308783412,-0.0881597480479733,-0.0177211155827456,1
0.0905311574821892,-0.0523262820844215,-0.0790571666264718,1
0.0385935749152124,-0.1692805038183593,0.2653936303176212,0
-0.0870457188162401,-0.0951376110062105,-0.3700983627651964,1
0.0054301436866623,-0.1910152919670395,0.2827502727564487,0
0.921716508650966,0.1050286369615814,-0.0475889189078304,2
-0.015241217268257,-0.0099159901933697,0.0143372181210057,1
-0.0725376226543131,0.0484330984166469,-0.0236416915371269,1
-0.0082320659628626,-0.0127951825616126,-0.0034457803845722,1
-0.0640008429937361,-0.0933885637773687,-0.1231071203621617,1
-0.088586228698718,0.1593960233369295,0.0758820611238872,3
-0.1192351599894098,0.523425305410306,0.1554099323745367,3
-0.0408993869843971,-0.0818091965156557,-0.1141207269800902,1
-0.072820809648175,-0.1247529357957792,-0.399846023687833,1
-0.0936031692861169,0.0885436375788377,0.0125293628934603,1
-0.032509301067039,0.0298306561683855,0.025378818648636,1
-0.0458067084944338,-0.0622013167017516,-0.1336921726373291,1
-0.0010879852818668,-0.1321094858507261,0.2529624244070578,0
-0.0013160053689608,-0.0936629283071309,-0.0604511331688337,1
0.0371946731603549,-0.1409508813372116,0.2003966048171408,0
0.903167877740648,0.1125928560207183,-0.0667214182550876,2
-0.0675349942232444,0.0757755500440905,-0.0518570357366929,1
-0.028323882619874,-0.1617476282039512,0.0861554934839264,0
-0.072820809648175,-0.1247529357957792,-0.399846023687833,1
-0.0952160565625721,0.2186455499661229,0.0807929621543625,3
0.0614465238130887,-0.2689779411915041,0.4110337069338314,0
-0.0617225644058948,0.0258686672060326,-0.0090580551348601,1
-0.0520550577578835,-0.0594485890349488,-0.0100249865284077,1
-0.0602548690919704,-0.0554955551287434,-0.0624155881074748,1
-0.0180555102221338,-0.0490349845742947,-0.0334584775480046,1
-0.0612826175527227,-0.0289498945801819,-0.1071309407450969,1
-0.0594877507883015,-0.0853828496558971,-0.256236443334654,1
0.014042008558784,-0.1743329977788509,0.3349094323259009,0
-0.052010773842919,-0.0718296860790366,-0.0589719621188406,1
0.0228067517069881,-0.2044645499433965,0.2451127724512544,0
-0.0305187623363046,-0.0041819573667166,0.0277180714863357,1
-0.0174387610364591,-0.1804354355925385,0.0749626807489791,0
-0.0337589368431399,-0.0243832174603798,-0.0466947218828936,1
-0.1016752799091947,0.1054547394548696,-0.1955761326797966,1
-0.0526721453299453,0.0473787796203238,-0.0056399086051073,1
0.9048919436242632,0.126035990366725,-0.0791063418361616,2
-0.0542074003455474,-0.1325887286388587,-0.2122391172894439,1
-0.0868806610099147,0.2622784109608013,-0.016197220790821,3
0.00987823158226,-0.1378072590774108,0.2489699910910247,0
-0.0633786374157686,-0.105681796525534,-0.2813151298962661,1
-0.0413038715009024,-0.0536196982393895,-0.1310742839911705,1
0.0273372046025002,-0.1619984545136151,0.2841433619861757,0
-0.0499941368585093,-0.0171252038608257,-0.1425048438363598,1
-0.0197458203203404,-0.1499479663206468,0.2704439704637361,0
0.049109589481909,-0.204597043403847,0.3362264036390659,0
-0.1099333014323415,0.2692612552139558,0.0543385396979797,3
-0.0519453916186465,-0.0629608615059836,-0.0876300507603413,1
-0.0081207462807987,-0.1856340079709929,0.1830700472552136,0
0.0325683146134397,-0.1655852841103069,0.248939642562809,0
-0.0374521237951434,-0.1097900048495983,0.0001929850846997,1
-0.0623729258736021,-0.0418457270210888,-0.0769878353860889,1
-0.0335385080169618,-0.1019629185428291,-0.1303023774016461,1
0.9117047123686314,0.1216865599450112,-0.0775174485968544,2
-0.095709552707913,0.211743010727697,-0.0076560910589143,3
-0.0483207052987467,-0.0491776878553472,-0.1535234260648924,1
-0.0448462177548471,-0.0525433961368102,-0.1010234534719595,1
-0.0180305205194999,-0.1891733030375129,0.25710993414107,0
-0.0558954814255453,0.0866142212892943,-0.0559915929828817,1
-0.0401221683460885,-0.0179592817367004,-0.1341593717621813,1
-0.0329416685049705,-0.1770626261860499,0.0819210312640061,0
-0.0232350139460249,-0.0323377941409117,-0.0929564827357551,1
-0.0394872772210358,-0.0599928421969974,-0.1131365275993191,1
-0.0107200650096654,0.0582395633467074,0.0068099587221347,1
-0.0018498796598534,0.1131515547100659,-0.0251140788515762,1
-0.0689542340820866,0.1552037251713525,0.0263258993638486,3
-0.0642926230566471,-0.090221122019244,-0.2848057006458461,1
-0.0188809037788222,-0.0095963281328028,-0.0511022168366858,1
0.0252668278801311,-0.1274039647938561,0.1523086967793809,0
0.0383480305584319,-0.2239732251316905,0.3523803480780097,0
-0.0433717086867262,-0.1180556716625978,-0.1089553755515536,1
-0.027254109530382,-0.0786053341280062,-0.0499037973411235,1
-0.0530606946573491,-0.0498861970974733,-0.0563907575609579,1
-0.0555084583275114,-0.023672745800464,-0.045584870096737,1
-0.0572447156370134,-0.0322848900215107,-0.031256103421344,1
0.9017331801855712,0.1141581839688745,-0.0827457845191091,2
-0.0795024014822263,0.235669842072745,0.0601543864878921,3
0.0822680206324138,-0.0707351275145773,0.0932895168261945,0
-0.0795024014822263,0.235669842072745,0.0601543864878921,3
-0.0282432565530959,0.003456587719747,-0.0499628776758591,1
0.0142331966005724,-0.2087242711404547,0.2391068275754235,0
-0.0854082986002295,0.1838578909248565,0.0415374106918839,3
0.0492736874541761,-0.185828813896927,0.2920793788188604,0
-0.0750672676676699,-0.0990901604539407,-0.3331894046132116,1
-0.06794717024705,-0.0443414598296546,-0.0949848423181007,1
-0.0708511640668189,-0.0860402888349531,-0.0845693601743653,1
-0.0599817549530555,0.3011590606612379,0.0677684428103967,3
-0.0702875305717112,-0.0130836720975252,-0.0596127777460191,1
-0.0766822772985892,-0.1201110964295543,-0.2994901590521845,1
-0.0536885539899503,-0.006582999464519,0.006822366468438,1
-0.0820813243855684,0.1704968183800628,0.0623007556038677,3
-0.120591318067291,0.2949251285419176,0.0446030898394492,3
-0.0868806610099147,0.2622784109608013,-0.016197220790821,3
-0.0161944188143893,-0.0829272041072389,-0.0758881317647487,1
0.8918575563807906,0.1205244378631195,-0.0848140131456164,2
-0.0170682515651623,-0.097418421666715,-0.0013445578892292,1
-0.0936031692861169,0.0885436375788377,0.0125293628934603,1
-0.0680293846558235,-0.1197536231891072,-0.3548165110770068,1
-0.0157826580144798,-0.1582015308713283,0.2608071079410656,0
-0.0674834990513892,-0.049164579149537,-0.0685886445549873,1
-0.030542922380951,-0.0632331387563491,-0.0716453265056272,1
0.0584063002148754,-0.0009483717985985,-0.0384860593387178,1
-0.056105534481817,-0.0064977763141923,-0.0640464950855137,1
0.9142895001851056,0.1004454392327444,-0.0245850018725792,2
-0.0314767855378439,-0.0726259950240962,-0.2308867721963366,1
-0.0461847690277185,-0.0940922310817032,-0.0121538654577309,1
-0.0868806610099147,0.2622784109608013,-0.016197220790821,3
-0.1156617724400751,0.6436963294075229,0.1939719932711636,3
-0.1192351599894098,0.523425305410306,0.1554099323745367,3
